{
  "project_info": {
    "project_number": "509847936780",
    "firebase_url": "https://phonedoctor-50eba.firebaseio.com",
    "project_id": "phonedoctor-50eba",
    "storage_bucket": "phonedoctor-50eba.appspot.com"
  },
  "client": [
    {
      "client_info": {
        "mobilesdk_app_id": "1:509847936780:android:e842fc824f1f34fe717329",
        "android_client_info": {
          "package_name": "com.example.docphone"
        }
      },
      "oauth_client": [
        {
          "client_id": "509847936780-3opeb5mqi70d26frjmgr7g7d9ev042n8.apps.googleusercontent.com",
          "client_type": 1,
          "android_info": {
            "package_name": "com.example.docphone",
            "certificate_hash": "054271d84577b3a370b56140c6f54e5044e10d76"
          }
        },
        {
          "client_id": "509847936780-843050hejjmpmr53ae8ednvkjf832pfr.apps.googleusercontent.com",
          "client_type": 3
        }
      ],
      "api_key": [
        {
          "current_key": "AIzaSyAiEbeAdvQ_9yRV8jB6arO-cjBbGP89uNg"
        }
      ],
      "services": {
        "appinvite_service": {
          "other_platform_oauth_client": [
            {
              "client_id": "509847936780-843050hejjmpmr53ae8ednvkjf832pfr.apps.googleusercontent.com",
              "client_type": 3
            }
          ]
        }
      }
    },
    {
      "client_info": {
        "mobilesdk_app_id": "1:509847936780:android:104b35b766df885c717329",
        "android_client_info": {
          "package_name": "com.example.phonedoctor"
        }
      },
      "oauth_client": [
        {
          "client_id": "509847936780-bqvric633bnp808j1p6a2mmcr3blutm6.apps.googleusercontent.com",
          "client_type": 1,
          "android_info": {
            "package_name": "com.example.phonedoctor",
            "certificate_hash": "054271d84577b3a370b56140c6f54e5044e10d76"
          }
        },
        {
          "client_id": "509847936780-843050hejjmpmr53ae8ednvkjf832pfr.apps.googleusercontent.com",
          "client_type": 3
        }
      ],
      "api_key": [
        {
          "current_key": "AIzaSyAiEbeAdvQ_9yRV8jB6arO-cjBbGP89uNg"
        }
      ],
      "services": {
        "appinvite_service": {
          "other_platform_oauth_client": [
            {
              "client_id": "509847936780-843050hejjmpmr53ae8ednvkjf832pfr.apps.googleusercontent.com",
              "client_type": 3
            }
          ]
        }
      }
    }
  ],
  "configuration_version": "1"
}